message,viral
"ðŸš€ New gem launched! LP locked, 0 tax, 100x potential!",1
No chart yet. Just launched... maybe.,0
Alpha call only: private presale just dropped!,1
Random crypto thoughts today.,0
Stealth launch now live. LP burned. Dev doxxed. 100x moonshot!,1
"Seems like a pump and dump, idk.",0
Chart: https://dexscreener.com/eth/0xabc123... next PEPE incoming!,1
Token has no website or community.,0
Whales already in. Don't miss this alpha!,1
Launched but no volume. Be careful.,0
Renounced + Locked = Green Flags. Project is solid!,1
Unverified dev. Contract not renounced.,0
0/0 tax. LP burned. Community launch NOW.,1
Avoid this one. No LP lock.,0
Dev just posted dox. Real alpha. Early entry only.,1
Looks dead. No TG activity.,0
ðŸš¨ Meme coin launching in 5 mins. Sniper alert on!,1
"Basic meme, nothing new.",0
Whitelisted and ready. Team KYC done.,1
Already pumped. 500x gone.,0
"ðŸš€ New gem launched! LP locked, 0 tax, 100x potential!",1
No chart yet. Just launched... maybe.,0
Alpha call only: private presale just dropped!,1
Random crypto thoughts today.,0
Stealth launch now live. LP burned. Dev doxxed. 100x moonshot!,1
"Seems like a pump and dump, idk.",0
Chart: https://dexscreener.com/eth/0xabc123... next PEPE incoming!,1
Token has no website or community.,0
Whales already in. Don't miss this alpha!,1
Launched but no volume. Be careful.,0
Renounced + Locked = Green Flags. Project is solid!,1
Unverified dev. Contract not renounced.,0
0/0 tax. LP burned. Community launch NOW.,1
Avoid this one. No LP lock.,0
Dev just posted dox. Real alpha. Early entry only.,1
Looks dead. No TG activity.,0
ðŸš¨ Meme coin launching in 5 mins. Sniper alert on!,1
"Basic meme, nothing new.",0
Whitelisted and ready. Team KYC done.,1
Already pumped. 500x gone.,0
"ðŸš€ New gem launched! LP locked, 0 tax, 100x potential!",1
No chart yet. Just launched... maybe.,0
Alpha call only: private presale just dropped!,1
Random crypto thoughts today.,0
Stealth launch now live. LP burned. Dev doxxed. 100x moonshot!,1
"Seems like a pump and dump, idk.",0
Chart: https://dexscreener.com/eth/0xabc123... next PEPE incoming!,1
Token has no website or community.,0
Whales already in. Don't miss this alpha!,1
Launched but no volume. Be careful.,0
Renounced + Locked = Green Flags. Project is solid!,1
Unverified dev. Contract not renounced.,0
0/0 tax. LP burned. Community launch NOW.,1
Avoid this one. No LP lock.,0
Dev just posted dox. Real alpha. Early entry only.,1
Looks dead. No TG activity.,0
ðŸš¨ Meme coin launching in 5 mins. Sniper alert on!,1
"Basic meme, nothing new.",0
Whitelisted and ready. Team KYC done.,1
Already pumped. 500x gone.,0
"ðŸš€ New gem launched! LP locked, 0 tax, 100x potential!",1
No chart yet. Just launched... maybe.,0
Alpha call only: private presale just dropped!,1
Random crypto thoughts today.,0
Stealth launch now live. LP burned. Dev doxxed. 100x moonshot!,1
"Seems like a pump and dump, idk.",0
Chart: https://dexscreener.com/eth/0xabc123... next PEPE incoming!,1
Token has no website or community.,0
Whales already in. Don't miss this alpha!,1
Launched but no volume. Be careful.,0
Renounced + Locked = Green Flags. Project is solid!,1
Unverified dev. Contract not renounced.,0
0/0 tax. LP burned. Community launch NOW.,1
Avoid this one. No LP lock.,0
Dev just posted dox. Real alpha. Early entry only.,1
Looks dead. No TG activity.,0
ðŸš¨ Meme coin launching in 5 mins. Sniper alert on!,1
"Basic meme, nothing new.",0
Whitelisted and ready. Team KYC done.,1
Already pumped. 500x gone.,0
"ðŸš€ New gem launched! LP locked, 0 tax, 100x potential!",1
No chart yet. Just launched... maybe.,0
Alpha call only: private presale just dropped!,1
Random crypto thoughts today.,0
Stealth launch now live. LP burned. Dev doxxed. 100x moonshot!,1
"Seems like a pump and dump, idk.",0
Chart: https://dexscreener.com/eth/0xabc123... next PEPE incoming!,1
Token has no website or community.,0
Whales already in. Don't miss this alpha!,1
Launched but no volume. Be careful.,0
Renounced + Locked = Green Flags. Project is solid!,1
Unverified dev. Contract not renounced.,0
0/0 tax. LP burned. Community launch NOW.,1
Avoid this one. No LP lock.,0
Dev just posted dox. Real alpha. Early entry only.,1
Looks dead. No TG activity.,0
ðŸš¨ Meme coin launching in 5 mins. Sniper alert on!,1
"Basic meme, nothing new.",0
Whitelisted and ready. Team KYC done.,1
Already pumped. 500x gone.,0
"ðŸš€ New gem launched! LP locked, 0 tax, 100x potential!",1
No chart yet. Just launched... maybe.,0
Alpha call only: private presale just dropped!,1
Random crypto thoughts today.,0
Stealth launch now live. LP burned. Dev doxxed. 100x moonshot!,1
"Seems like a pump and dump, idk.",0
Chart: https://dexscreener.com/eth/0xabc123... next PEPE incoming!,1
Token has no website or community.,0
Whales already in. Don't miss this alpha!,1
Launched but no volume. Be careful.,0
Renounced + Locked = Green Flags. Project is solid!,1
Unverified dev. Contract not renounced.,0
0/0 tax. LP burned. Community launch NOW.,1
Avoid this one. No LP lock.,0
Dev just posted dox. Real alpha. Early entry only.,1
Looks dead. No TG activity.,0
ðŸš¨ Meme coin launching in 5 mins. Sniper alert on!,1
"Basic meme, nothing new.",0
Whitelisted and ready. Team KYC done.,1
Already pumped. 500x gone.,0
"ðŸš€ New gem launched! LP locked, 0 tax, 100x potential!",1
No chart yet. Just launched... maybe.,0
Alpha call only: private presale just dropped!,1
Random crypto thoughts today.,0
Stealth launch now live. LP burned. Dev doxxed. 100x moonshot!,1
"Seems like a pump and dump, idk.",0
Chart: https://dexscreener.com/eth/0xabc123... next PEPE incoming!,1
Token has no website or community.,0
Whales already in. Don't miss this alpha!,1
Launched but no volume. Be careful.,0
Renounced + Locked = Green Flags. Project is solid!,1
Unverified dev. Contract not renounced.,0
0/0 tax. LP burned. Community launch NOW.,1
Avoid this one. No LP lock.,0
Dev just posted dox. Real alpha. Early entry only.,1
Looks dead. No TG activity.,0
ðŸš¨ Meme coin launching in 5 mins. Sniper alert on!,1
"Basic meme, nothing new.",0
Whitelisted and ready. Team KYC done.,1
Already pumped. 500x gone.,0
"ðŸš€ New gem launched! LP locked, 0 tax, 100x potential!",1
No chart yet. Just launched... maybe.,0
Alpha call only: private presale just dropped!,1
Random crypto thoughts today.,0
Stealth launch now live. LP burned. Dev doxxed. 100x moonshot!,1
"Seems like a pump and dump, idk.",0
Chart: https://dexscreener.com/eth/0xabc123... next PEPE incoming!,1
Token has no website or community.,0
Whales already in. Don't miss this alpha!,1
Launched but no volume. Be careful.,0
Renounced + Locked = Green Flags. Project is solid!,1
Unverified dev. Contract not renounced.,0
0/0 tax. LP burned. Community launch NOW.,1
Avoid this one. No LP lock.,0
Dev just posted dox. Real alpha. Early entry only.,1
Looks dead. No TG activity.,0
ðŸš¨ Meme coin launching in 5 mins. Sniper alert on!,1
"Basic meme, nothing new.",0
Whitelisted and ready. Team KYC done.,1
Already pumped. 500x gone.,0
"ðŸš€ New gem launched! LP locked, 0 tax, 100x potential!",1
No chart yet. Just launched... maybe.,0
Alpha call only: private presale just dropped!,1
Random crypto thoughts today.,0
Stealth launch now live. LP burned. Dev doxxed. 100x moonshot!,1
"Seems like a pump and dump, idk.",0
Chart: https://dexscreener.com/eth/0xabc123... next PEPE incoming!,1
Token has no website or community.,0
Whales already in. Don't miss this alpha!,1
Launched but no volume. Be careful.,0
Renounced + Locked = Green Flags. Project is solid!,1
Unverified dev. Contract not renounced.,0
0/0 tax. LP burned. Community launch NOW.,1
Avoid this one. No LP lock.,0
Dev just posted dox. Real alpha. Early entry only.,1
Looks dead. No TG activity.,0
ðŸš¨ Meme coin launching in 5 mins. Sniper alert on!,1
"Basic meme, nothing new.",0
Whitelisted and ready. Team KYC done.,1
Already pumped. 500x gone.,0
"ðŸš€ New gem launched! LP locked, 0 tax, 100x potential!",1
No chart yet. Just launched... maybe.,0
Alpha call only: private presale just dropped!,1
Random crypto thoughts today.,0
Stealth launch now live. LP burned. Dev doxxed. 100x moonshot!,1
"Seems like a pump and dump, idk.",0
Chart: https://dexscreener.com/eth/0xabc123... next PEPE incoming!,1
Token has no website or community.,0
Whales already in. Don't miss this alpha!,1
Launched but no volume. Be careful.,0
Renounced + Locked = Green Flags. Project is solid!,1
Unverified dev. Contract not renounced.,0
0/0 tax. LP burned. Community launch NOW.,1
Avoid this one. No LP lock.,0
Dev just posted dox. Real alpha. Early entry only.,1
Looks dead. No TG activity.,0
ðŸš¨ Meme coin launching in 5 mins. Sniper alert on!,1
"Basic meme, nothing new.",0
Whitelisted and ready. Team KYC done.,1
Already pumped. 500x gone.,0
"ðŸš€ New gem launched! LP locked, 0 tax, 100x potential!",1
No chart yet. Just launched... maybe.,0
Alpha call only: private presale just dropped!,1
Random crypto thoughts today.,0
Stealth launch now live. LP burned. Dev doxxed. 100x moonshot!,1
"Seems like a pump and dump, idk.",0
Chart: https://dexscreener.com/eth/0xabc123... next PEPE incoming!,1
Token has no website or community.,0
Whales already in. Don't miss this alpha!,1
Launched but no volume. Be careful.,0
Renounced + Locked = Green Flags. Project is solid!,1
Unverified dev. Contract not renounced.,0
0/0 tax. LP burned. Community launch NOW.,1
Avoid this one. No LP lock.,0
Dev just posted dox. Real alpha. Early entry only.,1
Looks dead. No TG activity.,0
ðŸš¨ Meme coin launching in 5 mins. Sniper alert on!,1
"Basic meme, nothing new.",0
Whitelisted and ready. Team KYC done.,1
Already pumped. 500x gone.,0
"ðŸš€ New gem launched! LP locked, 0 tax, 100x potential!",1
No chart yet. Just launched... maybe.,0
Alpha call only: private presale just dropped!,1
Random crypto thoughts today.,0
Stealth launch now live. LP burned. Dev doxxed. 100x moonshot!,1
"Seems like a pump and dump, idk.",0
Chart: https://dexscreener.com/eth/0xabc123... next PEPE incoming!,1
Token has no website or community.,0
Whales already in. Don't miss this alpha!,1
Launched but no volume. Be careful.,0
Renounced + Locked = Green Flags. Project is solid!,1
Unverified dev. Contract not renounced.,0
0/0 tax. LP burned. Community launch NOW.,1
Avoid this one. No LP lock.,0
Dev just posted dox. Real alpha. Early entry only.,1
Looks dead. No TG activity.,0
ðŸš¨ Meme coin launching in 5 mins. Sniper alert on!,1
"Basic meme, nothing new.",0
Whitelisted and ready. Team KYC done.,1
Already pumped. 500x gone.,0
"ðŸš€ New gem launched! LP locked, 0 tax, 100x potential!",1
No chart yet. Just launched... maybe.,0
Alpha call only: private presale just dropped!,1
Random crypto thoughts today.,0
Stealth launch now live. LP burned. Dev doxxed. 100x moonshot!,1
"Seems like a pump and dump, idk.",0
Chart: https://dexscreener.com/eth/0xabc123... next PEPE incoming!,1
Token has no website or community.,0
Whales already in. Don't miss this alpha!,1
Launched but no volume. Be careful.,0
Renounced + Locked = Green Flags. Project is solid!,1
Unverified dev. Contract not renounced.,0
0/0 tax. LP burned. Community launch NOW.,1
Avoid this one. No LP lock.,0
Dev just posted dox. Real alpha. Early entry only.,1
Looks dead. No TG activity.,0
ðŸš¨ Meme coin launching in 5 mins. Sniper alert on!,1
"Basic meme, nothing new.",0
Whitelisted and ready. Team KYC done.,1
Already pumped. 500x gone.,0
"ðŸš€ New gem launched! LP locked, 0 tax, 100x potential!",1
No chart yet. Just launched... maybe.,0
Alpha call only: private presale just dropped!,1
Random crypto thoughts today.,0
Stealth launch now live. LP burned. Dev doxxed. 100x moonshot!,1
"Seems like a pump and dump, idk.",0
Chart: https://dexscreener.com/eth/0xabc123... next PEPE incoming!,1
Token has no website or community.,0
Whales already in. Don't miss this alpha!,1
Launched but no volume. Be careful.,0
Renounced + Locked = Green Flags. Project is solid!,1
Unverified dev. Contract not renounced.,0
0/0 tax. LP burned. Community launch NOW.,1
Avoid this one. No LP lock.,0
Dev just posted dox. Real alpha. Early entry only.,1
Looks dead. No TG activity.,0
ðŸš¨ Meme coin launching in 5 mins. Sniper alert on!,1
"Basic meme, nothing new.",0
Whitelisted and ready. Team KYC done.,1
Already pumped. 500x gone.,0
"ðŸš€ New gem launched! LP locked, 0 tax, 100x potential!",1
No chart yet. Just launched... maybe.,0
Alpha call only: private presale just dropped!,1
Random crypto thoughts today.,0
Stealth launch now live. LP burned. Dev doxxed. 100x moonshot!,1
"Seems like a pump and dump, idk.",0
Chart: https://dexscreener.com/eth/0xabc123... next PEPE incoming!,1
Token has no website or community.,0
Whales already in. Don't miss this alpha!,1
Launched but no volume. Be careful.,0
Renounced + Locked = Green Flags. Project is solid!,1
Unverified dev. Contract not renounced.,0
0/0 tax. LP burned. Community launch NOW.,1
Avoid this one. No LP lock.,0
Dev just posted dox. Real alpha. Early entry only.,1
Looks dead. No TG activity.,0
ðŸš¨ Meme coin launching in 5 mins. Sniper alert on!,1
"Basic meme, nothing new.",0
Whitelisted and ready. Team KYC done.,1
Already pumped. 500x gone.,0
"ðŸš€ New gem launched! LP locked, 0 tax, 100x potential!",1
No chart yet. Just launched... maybe.,0
Alpha call only: private presale just dropped!,1
Random crypto thoughts today.,0
Stealth launch now live. LP burned. Dev doxxed. 100x moonshot!,1
"Seems like a pump and dump, idk.",0
Chart: https://dexscreener.com/eth/0xabc123... next PEPE incoming!,1
Token has no website or community.,0
Whales already in. Don't miss this alpha!,1
Launched but no volume. Be careful.,0
Renounced + Locked = Green Flags. Project is solid!,1
Unverified dev. Contract not renounced.,0
0/0 tax. LP burned. Community launch NOW.,1
Avoid this one. No LP lock.,0
Dev just posted dox. Real alpha. Early entry only.,1
Looks dead. No TG activity.,0
ðŸš¨ Meme coin launching in 5 mins. Sniper alert on!,1
"Basic meme, nothing new.",0
Whitelisted and ready. Team KYC done.,1
Already pumped. 500x gone.,0
"ðŸš€ New gem launched! LP locked, 0 tax, 100x potential!",1
No chart yet. Just launched... maybe.,0
Alpha call only: private presale just dropped!,1
Random crypto thoughts today.,0
Stealth launch now live. LP burned. Dev doxxed. 100x moonshot!,1
"Seems like a pump and dump, idk.",0
Chart: https://dexscreener.com/eth/0xabc123... next PEPE incoming!,1
Token has no website or community.,0
Whales already in. Don't miss this alpha!,1
Launched but no volume. Be careful.,0
Renounced + Locked = Green Flags. Project is solid!,1
Unverified dev. Contract not renounced.,0
0/0 tax. LP burned. Community launch NOW.,1
Avoid this one. No LP lock.,0
Dev just posted dox. Real alpha. Early entry only.,1
Looks dead. No TG activity.,0
ðŸš¨ Meme coin launching in 5 mins. Sniper alert on!,1
"Basic meme, nothing new.",0
Whitelisted and ready. Team KYC done.,1
Already pumped. 500x gone.,0
"ðŸš€ New gem launched! LP locked, 0 tax, 100x potential!",1
No chart yet. Just launched... maybe.,0
Alpha call only: private presale just dropped!,1
Random crypto thoughts today.,0
Stealth launch now live. LP burned. Dev doxxed. 100x moonshot!,1
"Seems like a pump and dump, idk.",0
Chart: https://dexscreener.com/eth/0xabc123... next PEPE incoming!,1
Token has no website or community.,0
Whales already in. Don't miss this alpha!,1
Launched but no volume. Be careful.,0
Renounced + Locked = Green Flags. Project is solid!,1
Unverified dev. Contract not renounced.,0
0/0 tax. LP burned. Community launch NOW.,1
Avoid this one. No LP lock.,0
Dev just posted dox. Real alpha. Early entry only.,1
Looks dead. No TG activity.,0
ðŸš¨ Meme coin launching in 5 mins. Sniper alert on!,1
"Basic meme, nothing new.",0
Whitelisted and ready. Team KYC done.,1
Already pumped. 500x gone.,0
"ðŸš€ New gem launched! LP locked, 0 tax, 100x potential!",1
No chart yet. Just launched... maybe.,0
Alpha call only: private presale just dropped!,1
Random crypto thoughts today.,0
Stealth launch now live. LP burned. Dev doxxed. 100x moonshot!,1
"Seems like a pump and dump, idk.",0
Chart: https://dexscreener.com/eth/0xabc123... next PEPE incoming!,1
Token has no website or community.,0
Whales already in. Don't miss this alpha!,1
Launched but no volume. Be careful.,0
Renounced + Locked = Green Flags. Project is solid!,1
Unverified dev. Contract not renounced.,0
0/0 tax. LP burned. Community launch NOW.,1
Avoid this one. No LP lock.,0
Dev just posted dox. Real alpha. Early entry only.,1
Looks dead. No TG activity.,0
ðŸš¨ Meme coin launching in 5 mins. Sniper alert on!,1
"Basic meme, nothing new.",0
Whitelisted and ready. Team KYC done.,1
Already pumped. 500x gone.,0
"ðŸš€ New gem launched! LP locked, 0 tax, 100x potential!",1
No chart yet. Just launched... maybe.,0
Alpha call only: private presale just dropped!,1
Random crypto thoughts today.,0
Stealth launch now live. LP burned. Dev doxxed. 100x moonshot!,1
"Seems like a pump and dump, idk.",0
Chart: https://dexscreener.com/eth/0xabc123... next PEPE incoming!,1
Token has no website or community.,0
Whales already in. Don't miss this alpha!,1
Launched but no volume. Be careful.,0
Renounced + Locked = Green Flags. Project is solid!,1
Unverified dev. Contract not renounced.,0
0/0 tax. LP burned. Community launch NOW.,1
Avoid this one. No LP lock.,0
Dev just posted dox. Real alpha. Early entry only.,1
Looks dead. No TG activity.,0
ðŸš¨ Meme coin launching in 5 mins. Sniper alert on!,1
"Basic meme, nothing new.",0
Whitelisted and ready. Team KYC done.,1
Already pumped. 500x gone.,0
"ðŸš€ New gem launched! LP locked, 0 tax, 100x potential!",1
No chart yet. Just launched... maybe.,0
Alpha call only: private presale just dropped!,1
Random crypto thoughts today.,0
Stealth launch now live. LP burned. Dev doxxed. 100x moonshot!,1
"Seems like a pump and dump, idk.",0
Chart: https://dexscreener.com/eth/0xabc123... next PEPE incoming!,1
Token has no website or community.,0
Whales already in. Don't miss this alpha!,1
Launched but no volume. Be careful.,0
Renounced + Locked = Green Flags. Project is solid!,1
Unverified dev. Contract not renounced.,0
0/0 tax. LP burned. Community launch NOW.,1
Avoid this one. No LP lock.,0
Dev just posted dox. Real alpha. Early entry only.,1
Looks dead. No TG activity.,0
ðŸš¨ Meme coin launching in 5 mins. Sniper alert on!,1
"Basic meme, nothing new.",0
Whitelisted and ready. Team KYC done.,1
Already pumped. 500x gone.,0
"ðŸš€ New gem launched! LP locked, 0 tax, 100x potential!",1
No chart yet. Just launched... maybe.,0
Alpha call only: private presale just dropped!,1
Random crypto thoughts today.,0
Stealth launch now live. LP burned. Dev doxxed. 100x moonshot!,1
"Seems like a pump and dump, idk.",0
Chart: https://dexscreener.com/eth/0xabc123... next PEPE incoming!,1
Token has no website or community.,0
Whales already in. Don't miss this alpha!,1
Launched but no volume. Be careful.,0
Renounced + Locked = Green Flags. Project is solid!,1
Unverified dev. Contract not renounced.,0
0/0 tax. LP burned. Community launch NOW.,1
Avoid this one. No LP lock.,0
Dev just posted dox. Real alpha. Early entry only.,1
Looks dead. No TG activity.,0
ðŸš¨ Meme coin launching in 5 mins. Sniper alert on!,1
"Basic meme, nothing new.",0
Whitelisted and ready. Team KYC done.,1
Already pumped. 500x gone.,0
"ðŸš€ New gem launched! LP locked, 0 tax, 100x potential!",1
No chart yet. Just launched... maybe.,0
Alpha call only: private presale just dropped!,1
Random crypto thoughts today.,0
Stealth launch now live. LP burned. Dev doxxed. 100x moonshot!,1
"Seems like a pump and dump, idk.",0
Chart: https://dexscreener.com/eth/0xabc123... next PEPE incoming!,1
Token has no website or community.,0
Whales already in. Don't miss this alpha!,1
Launched but no volume. Be careful.,0
Renounced + Locked = Green Flags. Project is solid!,1
Unverified dev. Contract not renounced.,0
0/0 tax. LP burned. Community launch NOW.,1
Avoid this one. No LP lock.,0
Dev just posted dox. Real alpha. Early entry only.,1
Looks dead. No TG activity.,0
ðŸš¨ Meme coin launching in 5 mins. Sniper alert on!,1
"Basic meme, nothing new.",0
Whitelisted and ready. Team KYC done.,1
Already pumped. 500x gone.,0
"ðŸš€ New gem launched! LP locked, 0 tax, 100x potential!",1
No chart yet. Just launched... maybe.,0
Alpha call only: private presale just dropped!,1
Random crypto thoughts today.,0
Stealth launch now live. LP burned. Dev doxxed. 100x moonshot!,1
"Seems like a pump and dump, idk.",0
Chart: https://dexscreener.com/eth/0xabc123... next PEPE incoming!,1
Token has no website or community.,0
Whales already in. Don't miss this alpha!,1
Launched but no volume. Be careful.,0
Renounced + Locked = Green Flags. Project is solid!,1
Unverified dev. Contract not renounced.,0
0/0 tax. LP burned. Community launch NOW.,1
Avoid this one. No LP lock.,0
Dev just posted dox. Real alpha. Early entry only.,1
Looks dead. No TG activity.,0
ðŸš¨ Meme coin launching in 5 mins. Sniper alert on!,1
"Basic meme, nothing new.",0
Whitelisted and ready. Team KYC done.,1
Already pumped. 500x gone.,0
"ðŸš€ New gem launched! LP locked, 0 tax, 100x potential!",1
No chart yet. Just launched... maybe.,0
Alpha call only: private presale just dropped!,1
Random crypto thoughts today.,0
Stealth launch now live. LP burned. Dev doxxed. 100x moonshot!,1
"Seems like a pump and dump, idk.",0
Chart: https://dexscreener.com/eth/0xabc123... next PEPE incoming!,1
Token has no website or community.,0
Whales already in. Don't miss this alpha!,1
Launched but no volume. Be careful.,0
Renounced + Locked = Green Flags. Project is solid!,1
Unverified dev. Contract not renounced.,0
0/0 tax. LP burned. Community launch NOW.,1
Avoid this one. No LP lock.,0
Dev just posted dox. Real alpha. Early entry only.,1
Looks dead. No TG activity.,0
ðŸš¨ Meme coin launching in 5 mins. Sniper alert on!,1
"Basic meme, nothing new.",0
Whitelisted and ready. Team KYC done.,1
Already pumped. 500x gone.,0
"ðŸš€ New gem launched! LP locked, 0 tax, 100x potential!",1
No chart yet. Just launched... maybe.,0
Alpha call only: private presale just dropped!,1
Random crypto thoughts today.,0
Stealth launch now live. LP burned. Dev doxxed. 100x moonshot!,1
"Seems like a pump and dump, idk.",0
Chart: https://dexscreener.com/eth/0xabc123... next PEPE incoming!,1
Token has no website or community.,0
Whales already in. Don't miss this alpha!,1
Launched but no volume. Be careful.,0
Renounced + Locked = Green Flags. Project is solid!,1
Unverified dev. Contract not renounced.,0
0/0 tax. LP burned. Community launch NOW.,1
Avoid this one. No LP lock.,0
Dev just posted dox. Real alpha. Early entry only.,1
Looks dead. No TG activity.,0
ðŸš¨ Meme coin launching in 5 mins. Sniper alert on!,1
"Basic meme, nothing new.",0
Whitelisted and ready. Team KYC done.,1
Already pumped. 500x gone.,0
"ðŸš€ New gem launched! LP locked, 0 tax, 100x potential!",1
No chart yet. Just launched... maybe.,0
Alpha call only: private presale just dropped!,1
Random crypto thoughts today.,0
Stealth launch now live. LP burned. Dev doxxed. 100x moonshot!,1
"Seems like a pump and dump, idk.",0
Chart: https://dexscreener.com/eth/0xabc123... next PEPE incoming!,1
Token has no website or community.,0
Whales already in. Don't miss this alpha!,1
Launched but no volume. Be careful.,0
Renounced + Locked = Green Flags. Project is solid!,1
Unverified dev. Contract not renounced.,0
0/0 tax. LP burned. Community launch NOW.,1
Avoid this one. No LP lock.,0
Dev just posted dox. Real alpha. Early entry only.,1
Looks dead. No TG activity.,0
ðŸš¨ Meme coin launching in 5 mins. Sniper alert on!,1
"Basic meme, nothing new.",0
Whitelisted and ready. Team KYC done.,1
Already pumped. 500x gone.,0
"ðŸš€ New gem launched! LP locked, 0 tax, 100x potential!",1
No chart yet. Just launched... maybe.,0
Alpha call only: private presale just dropped!,1
Random crypto thoughts today.,0
Stealth launch now live. LP burned. Dev doxxed. 100x moonshot!,1
"Seems like a pump and dump, idk.",0
Chart: https://dexscreener.com/eth/0xabc123... next PEPE incoming!,1
Token has no website or community.,0
Whales already in. Don't miss this alpha!,1
Launched but no volume. Be careful.,0
Renounced + Locked = Green Flags. Project is solid!,1
Unverified dev. Contract not renounced.,0
0/0 tax. LP burned. Community launch NOW.,1
Avoid this one. No LP lock.,0
Dev just posted dox. Real alpha. Early entry only.,1
Looks dead. No TG activity.,0
ðŸš¨ Meme coin launching in 5 mins. Sniper alert on!,1
"Basic meme, nothing new.",0
Whitelisted and ready. Team KYC done.,1
Already pumped. 500x gone.,0
"ðŸš€ New gem launched! LP locked, 0 tax, 100x potential!",1
No chart yet. Just launched... maybe.,0
Alpha call only: private presale just dropped!,1
Random crypto thoughts today.,0
Stealth launch now live. LP burned. Dev doxxed. 100x moonshot!,1
"Seems like a pump and dump, idk.",0
Chart: https://dexscreener.com/eth/0xabc123... next PEPE incoming!,1
Token has no website or community.,0
Whales already in. Don't miss this alpha!,1
Launched but no volume. Be careful.,0
Renounced + Locked = Green Flags. Project is solid!,1
Unverified dev. Contract not renounced.,0
0/0 tax. LP burned. Community launch NOW.,1
Avoid this one. No LP lock.,0
Dev just posted dox. Real alpha. Early entry only.,1
Looks dead. No TG activity.,0
ðŸš¨ Meme coin launching in 5 mins. Sniper alert on!,1
"Basic meme, nothing new.",0
Whitelisted and ready. Team KYC done.,1
Already pumped. 500x gone.,0
"ðŸš€ New gem launched! LP locked, 0 tax, 100x potential!",1
No chart yet. Just launched... maybe.,0
Alpha call only: private presale just dropped!,1
Random crypto thoughts today.,0
Stealth launch now live. LP burned. Dev doxxed. 100x moonshot!,1
"Seems like a pump and dump, idk.",0
Chart: https://dexscreener.com/eth/0xabc123... next PEPE incoming!,1
Token has no website or community.,0
Whales already in. Don't miss this alpha!,1
Launched but no volume. Be careful.,0
Renounced + Locked = Green Flags. Project is solid!,1
Unverified dev. Contract not renounced.,0
0/0 tax. LP burned. Community launch NOW.,1
Avoid this one. No LP lock.,0
Dev just posted dox. Real alpha. Early entry only.,1
Looks dead. No TG activity.,0
ðŸš¨ Meme coin launching in 5 mins. Sniper alert on!,1
"Basic meme, nothing new.",0
Whitelisted and ready. Team KYC done.,1
Already pumped. 500x gone.,0
"ðŸš€ New gem launched! LP locked, 0 tax, 100x potential!",1
No chart yet. Just launched... maybe.,0
Alpha call only: private presale just dropped!,1
Random crypto thoughts today.,0
Stealth launch now live. LP burned. Dev doxxed. 100x moonshot!,1
"Seems like a pump and dump, idk.",0
Chart: https://dexscreener.com/eth/0xabc123... next PEPE incoming!,1
Token has no website or community.,0
Whales already in. Don't miss this alpha!,1
Launched but no volume. Be careful.,0
Renounced + Locked = Green Flags. Project is solid!,1
Unverified dev. Contract not renounced.,0
0/0 tax. LP burned. Community launch NOW.,1
Avoid this one. No LP lock.,0
Dev just posted dox. Real alpha. Early entry only.,1
Looks dead. No TG activity.,0
ðŸš¨ Meme coin launching in 5 mins. Sniper alert on!,1
"Basic meme, nothing new.",0
Whitelisted and ready. Team KYC done.,1
Already pumped. 500x gone.,0
"ðŸš€ New gem launched! LP locked, 0 tax, 100x potential!",1
No chart yet. Just launched... maybe.,0
Alpha call only: private presale just dropped!,1
Random crypto thoughts today.,0
Stealth launch now live. LP burned. Dev doxxed. 100x moonshot!,1
"Seems like a pump and dump, idk.",0
Chart: https://dexscreener.com/eth/0xabc123... next PEPE incoming!,1
Token has no website or community.,0
Whales already in. Don't miss this alpha!,1
Launched but no volume. Be careful.,0
Renounced + Locked = Green Flags. Project is solid!,1
Unverified dev. Contract not renounced.,0
0/0 tax. LP burned. Community launch NOW.,1
Avoid this one. No LP lock.,0
Dev just posted dox. Real alpha. Early entry only.,1
Looks dead. No TG activity.,0
ðŸš¨ Meme coin launching in 5 mins. Sniper alert on!,1
"Basic meme, nothing new.",0
Whitelisted and ready. Team KYC done.,1
Already pumped. 500x gone.,0
"ðŸš€ New gem launched! LP locked, 0 tax, 100x potential!",1
No chart yet. Just launched... maybe.,0
Alpha call only: private presale just dropped!,1
Random crypto thoughts today.,0
Stealth launch now live. LP burned. Dev doxxed. 100x moonshot!,1
"Seems like a pump and dump, idk.",0
Chart: https://dexscreener.com/eth/0xabc123... next PEPE incoming!,1
Token has no website or community.,0
Whales already in. Don't miss this alpha!,1
Launched but no volume. Be careful.,0
Renounced + Locked = Green Flags. Project is solid!,1
Unverified dev. Contract not renounced.,0
0/0 tax. LP burned. Community launch NOW.,1
Avoid this one. No LP lock.,0
Dev just posted dox. Real alpha. Early entry only.,1
Looks dead. No TG activity.,0
ðŸš¨ Meme coin launching in 5 mins. Sniper alert on!,1
"Basic meme, nothing new.",0
Whitelisted and ready. Team KYC done.,1
Already pumped. 500x gone.,0
"ðŸš€ New gem launched! LP locked, 0 tax, 100x potential!",1
No chart yet. Just launched... maybe.,0
Alpha call only: private presale just dropped!,1
Random crypto thoughts today.,0
Stealth launch now live. LP burned. Dev doxxed. 100x moonshot!,1
"Seems like a pump and dump, idk.",0
Chart: https://dexscreener.com/eth/0xabc123... next PEPE incoming!,1
Token has no website or community.,0
Whales already in. Don't miss this alpha!,1
Launched but no volume. Be careful.,0
Renounced + Locked = Green Flags. Project is solid!,1
Unverified dev. Contract not renounced.,0
0/0 tax. LP burned. Community launch NOW.,1
Avoid this one. No LP lock.,0
Dev just posted dox. Real alpha. Early entry only.,1
Looks dead. No TG activity.,0
ðŸš¨ Meme coin launching in 5 mins. Sniper alert on!,1
"Basic meme, nothing new.",0
Whitelisted and ready. Team KYC done.,1
Already pumped. 500x gone.,0
"ðŸš€ New gem launched! LP locked, 0 tax, 100x potential!",1
No chart yet. Just launched... maybe.,0
Alpha call only: private presale just dropped!,1
Random crypto thoughts today.,0
Stealth launch now live. LP burned. Dev doxxed. 100x moonshot!,1
"Seems like a pump and dump, idk.",0
Chart: https://dexscreener.com/eth/0xabc123... next PEPE incoming!,1
Token has no website or community.,0
Whales already in. Don't miss this alpha!,1
Launched but no volume. Be careful.,0
Renounced + Locked = Green Flags. Project is solid!,1
Unverified dev. Contract not renounced.,0
0/0 tax. LP burned. Community launch NOW.,1
Avoid this one. No LP lock.,0
Dev just posted dox. Real alpha. Early entry only.,1
Looks dead. No TG activity.,0
ðŸš¨ Meme coin launching in 5 mins. Sniper alert on!,1
"Basic meme, nothing new.",0
Whitelisted and ready. Team KYC done.,1
Already pumped. 500x gone.,0
"ðŸš€ New gem launched! LP locked, 0 tax, 100x potential!",1
No chart yet. Just launched... maybe.,0
Alpha call only: private presale just dropped!,1
Random crypto thoughts today.,0
Stealth launch now live. LP burned. Dev doxxed. 100x moonshot!,1
"Seems like a pump and dump, idk.",0
Chart: https://dexscreener.com/eth/0xabc123... next PEPE incoming!,1
Token has no website or community.,0
Whales already in. Don't miss this alpha!,1
Launched but no volume. Be careful.,0
Renounced + Locked = Green Flags. Project is solid!,1
Unverified dev. Contract not renounced.,0
0/0 tax. LP burned. Community launch NOW.,1
Avoid this one. No LP lock.,0
Dev just posted dox. Real alpha. Early entry only.,1
Looks dead. No TG activity.,0
ðŸš¨ Meme coin launching in 5 mins. Sniper alert on!,1
"Basic meme, nothing new.",0
Whitelisted and ready. Team KYC done.,1
Already pumped. 500x gone.,0
"ðŸš€ New gem launched! LP locked, 0 tax, 100x potential!",1
No chart yet. Just launched... maybe.,0
Alpha call only: private presale just dropped!,1
Random crypto thoughts today.,0
Stealth launch now live. LP burned. Dev doxxed. 100x moonshot!,1
"Seems like a pump and dump, idk.",0
Chart: https://dexscreener.com/eth/0xabc123... next PEPE incoming!,1
Token has no website or community.,0
Whales already in. Don't miss this alpha!,1
Launched but no volume. Be careful.,0
Renounced + Locked = Green Flags. Project is solid!,1
Unverified dev. Contract not renounced.,0
0/0 tax. LP burned. Community launch NOW.,1
Avoid this one. No LP lock.,0
Dev just posted dox. Real alpha. Early entry only.,1
Looks dead. No TG activity.,0
ðŸš¨ Meme coin launching in 5 mins. Sniper alert on!,1
"Basic meme, nothing new.",0
Whitelisted and ready. Team KYC done.,1
Already pumped. 500x gone.,0
"ðŸš€ New gem launched! LP locked, 0 tax, 100x potential!",1
No chart yet. Just launched... maybe.,0
Alpha call only: private presale just dropped!,1
Random crypto thoughts today.,0
Stealth launch now live. LP burned. Dev doxxed. 100x moonshot!,1
"Seems like a pump and dump, idk.",0
Chart: https://dexscreener.com/eth/0xabc123... next PEPE incoming!,1
Token has no website or community.,0
Whales already in. Don't miss this alpha!,1
Launched but no volume. Be careful.,0
Renounced + Locked = Green Flags. Project is solid!,1
Unverified dev. Contract not renounced.,0
0/0 tax. LP burned. Community launch NOW.,1
Avoid this one. No LP lock.,0
Dev just posted dox. Real alpha. Early entry only.,1
Looks dead. No TG activity.,0
ðŸš¨ Meme coin launching in 5 mins. Sniper alert on!,1
"Basic meme, nothing new.",0
Whitelisted and ready. Team KYC done.,1
Already pumped. 500x gone.,0
"ðŸš€ New gem launched! LP locked, 0 tax, 100x potential!",1
No chart yet. Just launched... maybe.,0
Alpha call only: private presale just dropped!,1
Random crypto thoughts today.,0
Stealth launch now live. LP burned. Dev doxxed. 100x moonshot!,1
"Seems like a pump and dump, idk.",0
Chart: https://dexscreener.com/eth/0xabc123... next PEPE incoming!,1
Token has no website or community.,0
Whales already in. Don't miss this alpha!,1
Launched but no volume. Be careful.,0
Renounced + Locked = Green Flags. Project is solid!,1
Unverified dev. Contract not renounced.,0
0/0 tax. LP burned. Community launch NOW.,1
Avoid this one. No LP lock.,0
Dev just posted dox. Real alpha. Early entry only.,1
Looks dead. No TG activity.,0
ðŸš¨ Meme coin launching in 5 mins. Sniper alert on!,1
"Basic meme, nothing new.",0
Whitelisted and ready. Team KYC done.,1
Already pumped. 500x gone.,0
"ðŸš€ New gem launched! LP locked, 0 tax, 100x potential!",1
No chart yet. Just launched... maybe.,0
Alpha call only: private presale just dropped!,1
Random crypto thoughts today.,0
Stealth launch now live. LP burned. Dev doxxed. 100x moonshot!,1
"Seems like a pump and dump, idk.",0
Chart: https://dexscreener.com/eth/0xabc123... next PEPE incoming!,1
Token has no website or community.,0
Whales already in. Don't miss this alpha!,1
Launched but no volume. Be careful.,0
Renounced + Locked = Green Flags. Project is solid!,1
Unverified dev. Contract not renounced.,0
0/0 tax. LP burned. Community launch NOW.,1
Avoid this one. No LP lock.,0
Dev just posted dox. Real alpha. Early entry only.,1
Looks dead. No TG activity.,0
ðŸš¨ Meme coin launching in 5 mins. Sniper alert on!,1
"Basic meme, nothing new.",0
Whitelisted and ready. Team KYC done.,1
Already pumped. 500x gone.,0
"ðŸš€ New gem launched! LP locked, 0 tax, 100x potential!",1
No chart yet. Just launched... maybe.,0
Alpha call only: private presale just dropped!,1
Random crypto thoughts today.,0
Stealth launch now live. LP burned. Dev doxxed. 100x moonshot!,1
"Seems like a pump and dump, idk.",0
Chart: https://dexscreener.com/eth/0xabc123... next PEPE incoming!,1
Token has no website or community.,0
Whales already in. Don't miss this alpha!,1
Launched but no volume. Be careful.,0
Renounced + Locked = Green Flags. Project is solid!,1
Unverified dev. Contract not renounced.,0
0/0 tax. LP burned. Community launch NOW.,1
Avoid this one. No LP lock.,0
Dev just posted dox. Real alpha. Early entry only.,1
Looks dead. No TG activity.,0
ðŸš¨ Meme coin launching in 5 mins. Sniper alert on!,1
"Basic meme, nothing new.",0
Whitelisted and ready. Team KYC done.,1
Already pumped. 500x gone.,0
"ðŸš€ New gem launched! LP locked, 0 tax, 100x potential!",1
No chart yet. Just launched... maybe.,0
Alpha call only: private presale just dropped!,1
Random crypto thoughts today.,0
Stealth launch now live. LP burned. Dev doxxed. 100x moonshot!,1
"Seems like a pump and dump, idk.",0
Chart: https://dexscreener.com/eth/0xabc123... next PEPE incoming!,1
Token has no website or community.,0
Whales already in. Don't miss this alpha!,1
Launched but no volume. Be careful.,0
Renounced + Locked = Green Flags. Project is solid!,1
Unverified dev. Contract not renounced.,0
0/0 tax. LP burned. Community launch NOW.,1
Avoid this one. No LP lock.,0
Dev just posted dox. Real alpha. Early entry only.,1
Looks dead. No TG activity.,0
ðŸš¨ Meme coin launching in 5 mins. Sniper alert on!,1
"Basic meme, nothing new.",0
Whitelisted and ready. Team KYC done.,1
Already pumped. 500x gone.,0
"ðŸš€ New gem launched! LP locked, 0 tax, 100x potential!",1
No chart yet. Just launched... maybe.,0
Alpha call only: private presale just dropped!,1
Random crypto thoughts today.,0
Stealth launch now live. LP burned. Dev doxxed. 100x moonshot!,1
"Seems like a pump and dump, idk.",0
Chart: https://dexscreener.com/eth/0xabc123... next PEPE incoming!,1
Token has no website or community.,0
Whales already in. Don't miss this alpha!,1
Launched but no volume. Be careful.,0
Renounced + Locked = Green Flags. Project is solid!,1
Unverified dev. Contract not renounced.,0
0/0 tax. LP burned. Community launch NOW.,1
Avoid this one. No LP lock.,0
Dev just posted dox. Real alpha. Early entry only.,1
Looks dead. No TG activity.,0
ðŸš¨ Meme coin launching in 5 mins. Sniper alert on!,1
"Basic meme, nothing new.",0
Whitelisted and ready. Team KYC done.,1
Already pumped. 500x gone.,0
"ðŸš€ New gem launched! LP locked, 0 tax, 100x potential!",1
No chart yet. Just launched... maybe.,0
Alpha call only: private presale just dropped!,1
Random crypto thoughts today.,0
Stealth launch now live. LP burned. Dev doxxed. 100x moonshot!,1
"Seems like a pump and dump, idk.",0
Chart: https://dexscreener.com/eth/0xabc123... next PEPE incoming!,1
Token has no website or community.,0
Whales already in. Don't miss this alpha!,1
Launched but no volume. Be careful.,0
Renounced + Locked = Green Flags. Project is solid!,1
Unverified dev. Contract not renounced.,0
0/0 tax. LP burned. Community launch NOW.,1
Avoid this one. No LP lock.,0
Dev just posted dox. Real alpha. Early entry only.,1
Looks dead. No TG activity.,0
ðŸš¨ Meme coin launching in 5 mins. Sniper alert on!,1
"Basic meme, nothing new.",0
Whitelisted and ready. Team KYC done.,1
Already pumped. 500x gone.,0
"ðŸš€ New gem launched! LP locked, 0 tax, 100x potential!",1
No chart yet. Just launched... maybe.,0
Alpha call only: private presale just dropped!,1
Random crypto thoughts today.,0
Stealth launch now live. LP burned. Dev doxxed. 100x moonshot!,1
"Seems like a pump and dump, idk.",0
Chart: https://dexscreener.com/eth/0xabc123... next PEPE incoming!,1
Token has no website or community.,0
Whales already in. Don't miss this alpha!,1
Launched but no volume. Be careful.,0
Renounced + Locked = Green Flags. Project is solid!,1
Unverified dev. Contract not renounced.,0
0/0 tax. LP burned. Community launch NOW.,1
Avoid this one. No LP lock.,0
Dev just posted dox. Real alpha. Early entry only.,1
Looks dead. No TG activity.,0
ðŸš¨ Meme coin launching in 5 mins. Sniper alert on!,1
"Basic meme, nothing new.",0
Whitelisted and ready. Team KYC done.,1
Already pumped. 500x gone.,0
"ðŸš€ New gem launched! LP locked, 0 tax, 100x potential!",1
No chart yet. Just launched... maybe.,0
Alpha call only: private presale just dropped!,1
Random crypto thoughts today.,0
Stealth launch now live. LP burned. Dev doxxed. 100x moonshot!,1
"Seems like a pump and dump, idk.",0
Chart: https://dexscreener.com/eth/0xabc123... next PEPE incoming!,1
Token has no website or community.,0
Whales already in. Don't miss this alpha!,1
Launched but no volume. Be careful.,0
Renounced + Locked = Green Flags. Project is solid!,1
Unverified dev. Contract not renounced.,0
0/0 tax. LP burned. Community launch NOW.,1
Avoid this one. No LP lock.,0
Dev just posted dox. Real alpha. Early entry only.,1
Looks dead. No TG activity.,0
ðŸš¨ Meme coin launching in 5 mins. Sniper alert on!,1
"Basic meme, nothing new.",0
Whitelisted and ready. Team KYC done.,1
Already pumped. 500x gone.,0
"ðŸš€ New gem launched! LP locked, 0 tax, 100x potential!",1
No chart yet. Just launched... maybe.,0
Alpha call only: private presale just dropped!,1
Random crypto thoughts today.,0
Stealth launch now live. LP burned. Dev doxxed. 100x moonshot!,1
"Seems like a pump and dump, idk.",0
Chart: https://dexscreener.com/eth/0xabc123... next PEPE incoming!,1
Token has no website or community.,0
Whales already in. Don't miss this alpha!,1
Launched but no volume. Be careful.,0
Renounced + Locked = Green Flags. Project is solid!,1
Unverified dev. Contract not renounced.,0
0/0 tax. LP burned. Community launch NOW.,1
Avoid this one. No LP lock.,0
Dev just posted dox. Real alpha. Early entry only.,1
Looks dead. No TG activity.,0
ðŸš¨ Meme coin launching in 5 mins. Sniper alert on!,1
"Basic meme, nothing new.",0
Whitelisted and ready. Team KYC done.,1
Already pumped. 500x gone.,0
"ðŸš€ New gem launched! LP locked, 0 tax, 100x potential!",1
No chart yet. Just launched... maybe.,0
Alpha call only: private presale just dropped!,1
Random crypto thoughts today.,0
Stealth launch now live. LP burned. Dev doxxed. 100x moonshot!,1
"Seems like a pump and dump, idk.",0
Chart: https://dexscreener.com/eth/0xabc123... next PEPE incoming!,1
Token has no website or community.,0
Whales already in. Don't miss this alpha!,1
Launched but no volume. Be careful.,0
Renounced + Locked = Green Flags. Project is solid!,1
Unverified dev. Contract not renounced.,0
0/0 tax. LP burned. Community launch NOW.,1
Avoid this one. No LP lock.,0
Dev just posted dox. Real alpha. Early entry only.,1
Looks dead. No TG activity.,0
ðŸš¨ Meme coin launching in 5 mins. Sniper alert on!,1
"Basic meme, nothing new.",0
Whitelisted and ready. Team KYC done.,1
Already pumped. 500x gone.,0
"ðŸš€ New gem launched! LP locked, 0 tax, 100x potential!",1
No chart yet. Just launched... maybe.,0
Alpha call only: private presale just dropped!,1
Random crypto thoughts today.,0
Stealth launch now live. LP burned. Dev doxxed. 100x moonshot!,1
"Seems like a pump and dump, idk.",0
Chart: https://dexscreener.com/eth/0xabc123... next PEPE incoming!,1
Token has no website or community.,0
Whales already in. Don't miss this alpha!,1
Launched but no volume. Be careful.,0
Renounced + Locked = Green Flags. Project is solid!,1
Unverified dev. Contract not renounced.,0
0/0 tax. LP burned. Community launch NOW.,1
Avoid this one. No LP lock.,0
Dev just posted dox. Real alpha. Early entry only.,1
Looks dead. No TG activity.,0
ðŸš¨ Meme coin launching in 5 mins. Sniper alert on!,1
"Basic meme, nothing new.",0
Whitelisted and ready. Team KYC done.,1
Already pumped. 500x gone.,0
"ðŸš€ New gem launched! LP locked, 0 tax, 100x potential!",1
No chart yet. Just launched... maybe.,0
Alpha call only: private presale just dropped!,1
Random crypto thoughts today.,0
Stealth launch now live. LP burned. Dev doxxed. 100x moonshot!,1
"Seems like a pump and dump, idk.",0
Chart: https://dexscreener.com/eth/0xabc123... next PEPE incoming!,1
Token has no website or community.,0
Whales already in. Don't miss this alpha!,1
Launched but no volume. Be careful.,0
Renounced + Locked = Green Flags. Project is solid!,1
Unverified dev. Contract not renounced.,0
0/0 tax. LP burned. Community launch NOW.,1
Avoid this one. No LP lock.,0
Dev just posted dox. Real alpha. Early entry only.,1
Looks dead. No TG activity.,0
ðŸš¨ Meme coin launching in 5 mins. Sniper alert on!,1
"Basic meme, nothing new.",0
Whitelisted and ready. Team KYC done.,1
Already pumped. 500x gone.,0
